Modelo,Accuracy,Precision,Recall,F1,AUC,Gini,KS
Logistic,0.6266666666666667,0.7663043478260869,0.6714285714285714,0.7157360406091371,0.6500264550264551,0.3000529100529101,0.24920634920634915
RandomForest,0.6533333333333333,0.7623762376237624,0.7333333333333333,0.7475728155339806,0.6264285714285713,0.25285714285714267,0.2396825396825396
XGBoost,0.6766666666666666,0.7233201581027668,0.8714285714285714,0.7904967602591793,0.6173280423280424,0.23465608465608478,0.22539682539682537
