Modelo,Accuracy,Precision,Recall,F1,AUC,Gini,KS
Logistic,0.6266666666666667,0.7663043478260869,0.6714285714285714,0.7157360406091371,0.6500264550264551,0.3000529100529101,0.24920634920634915
RandomForest,0.6666666666666666,0.7722772277227723,0.7428571428571429,0.7572815533980582,0.6310846560846561,0.2621693121693123,0.2317460317460318
XGBoost,0.6866666666666666,0.732,0.8714285714285714,0.7956521739130434,0.6129365079365079,0.22587301587301578,0.21269841269841272
