Modelo,AUC,Gini,KS
RandomForest,0.6257936507936508,0.2515873015873016,0.2492063492063492
Logistic,0.649021164021164,0.2980423280423281,0.24920634920634915
XGBoost,0.6179100529100531,0.23582010582010615,0.2238095238095238
