Modelo,AUC,Gini,KS
RandomForest,0.6270634920634921,0.2541269841269842,0.2492063492063492
Logistic,0.6500264550264551,0.3000529100529101,0.24920634920634915
XGBoost,0.6129365079365079,0.22587301587301578,0.21269841269841272
