feature,importance
Conta_poupanca_woe,1.075981036243959
Finalidade_woe,1.052399261367658
Faixa_Etaria_woe,0.9201529139752986
Faixa_Credito_woe,0.8043677855165672
Faixa_Duracao_woe,0.7532265491098016
Genero_woe,0.6919179050608366
Habitacao_woe,0.6908858454874308
Conta_corrente_woe,0.6009355678027731
Trabalho_woe,-0.5358142976416477
