feature,importance
Faixa_Duracao_woe,0.1747988640652931
Faixa_Credito_woe,0.1741508304985947
Finalidade_woe,0.13651986362594515
Conta_poupanca_woe,0.11424224199663029
Conta_corrente_woe,0.09582082342887994
Habitacao_woe,0.08945263844796054
Faixa_Etaria_woe,0.08027081746973677
Trabalho_woe,0.07944886147706273
Genero_woe,0.05529505898989678
