{
    "best_model": "RandomForest",
    "accuracy": 0.6666666666666666,
    "precision": 0.7722772277227723,
    "recall": 0.7428571428571429,
    "f1_score": 0.7572815533980582,
    "auc": 0.625,
    "gini": 0.25,
    "ks": 0.25396825396825395,
    "confusion_matrix": {
        "TN": 44,
        "FP": 46,
        "FN": 54,
        "TP": 156
    }
}