{
    "best_model": "RandomForest",
    "auc": 0.6270634920634921,
    "gini": 0.2541269841269842,
    "ks": 0.2492063492063492,
    "confusion_matrix": {
        "TN": 44,
        "FP": 46,
        "FN": 53,
        "TP": 157
    }
}