{
    "best_model": "RandomForest",
    "auc": 0.6257936507936508,
    "gini": 0.2515873015873016,
    "ks": 0.2492063492063492,
    "confusion_matrix": {
        "TN": 44,
        "FP": 46,
        "FN": 53,
        "TP": 157
    }
}