{
    "accuracy": 0.6266666666666667,
    "roc_auc": 0.6042857142857143,
    "gini": 0.20857142857142863,
    "ks": 0.2142857142857143,
    "confusion_matrix": [
        [
            45,
            45
        ],
        [
            67,
            143
        ]
    ],
    "classification_report": {
        "0": {
            "precision": 0.4017857142857143,
            "recall": 0.5,
            "f1-score": 0.44554455445544555,
            "support": 90.0
        },
        "1": {
            "precision": 0.7606382978723404,
            "recall": 0.680952380952381,
            "f1-score": 0.7185929648241206,
            "support": 210.0
        },
        "accuracy": 0.6266666666666667,
        "macro avg": {
            "precision": 0.5812120060790273,
            "recall": 0.5904761904761905,
            "f1-score": 0.5820687596397831,
            "support": 300.0
        },
        "weighted avg": {
            "precision": 0.6529825227963525,
            "recall": 0.6266666666666667,
            "f1-score": 0.6366784417135181,
            "support": 300.0
        }
    }
}