{
    "best_model": "Logistic",
    "accuracy": 0.6266666666666667,
    "precision": 0.7663043478260869,
    "recall": 0.6714285714285714,
    "f1_score": 0.7157360406091371,
    "auc": 0.6500264550264551,
    "gini": 0.3000529100529101,
    "ks": 0.24920634920634915,
    "psi": 0.01710254828737773,
    "confusion_matrix": {
        "TN": 47,
        "FP": 43,
        "FN": 69,
        "TP": 141
    }
}